reddit_id	subreddit	restaurant_name	cuisine	area	post_title	comment_text	score	sentiment	url	data_status
dummy_reddit_001	r/croydon	Fern	Modern European	East Croydon	Dummy discussion about Modern European food in Croydon	Great option for a date night; the food felt polished and the atmosphere was relaxed.	10	positive	https://example.invalid/dummy-reddit/001	SYNTHETIC_DUMMY_NOT_REAL_REDDIT
dummy_reddit_002	r/croydon	Mithras	Turkish	Central Croydon	Dummy discussion about Turkish food in Croydon	Good for groups and grilled food; portions felt generous.	17	positive	https://example.invalid/dummy-reddit/002	SYNTHETIC_DUMMY_NOT_REAL_REDDIT
dummy_reddit_003	r/croydon	Afghan Caravan	Afghan	Central Croydon	Dummy discussion about Afghan food in Croydon	A handy casual option when you want rice dishes and kebabs without spending too much.	24	positive	https://example.invalid/dummy-reddit/003	SYNTHETIC_DUMMY_NOT_REAL_REDDIT
dummy_reddit_004	r/croydon	The Truro	South African	South Croydon	Dummy discussion about South African food in Croydon	Our group enjoyed the grilled dishes and the lively atmosphere.	31	positive	https://example.invalid/dummy-reddit/004	SYNTHETIC_DUMMY_NOT_REAL_REDDIT
dummy_reddit_005	r/croydon	Boulevard	French	South Croydon	Dummy discussion about French food in Croydon	Nice atmosphere and enjoyable food, although I thought it was a little pricey.	38	mixed	https://example.invalid/dummy-reddit/005	SYNTHETIC_DUMMY_NOT_REAL_REDDIT
dummy_reddit_006	r/croydon	Vera Grill & Bar	Mediterranean	South Croydon	Dummy discussion about Mediterranean food in Croydon	Good dinner option for grilled food and a smarter evening out.	45	positive	https://example.invalid/dummy-reddit/006	SYNTHETIC_DUMMY_NOT_REAL_REDDIT
dummy_reddit_007	r/croydon	Mzuri London	African	Thornton Heath	Dummy discussion about African food in Croydon	Fun atmosphere for groups and a good choice for African food.	5	positive	https://example.invalid/dummy-reddit/007	SYNTHETIC_DUMMY_NOT_REAL_REDDIT
dummy_reddit_008	r/croydon	Blue & Orange	Mediterranean	Thornton Heath	Dummy discussion about Mediterranean food in Croydon	Reliable casual choice for grilled dishes and family meals.	12	positive	https://example.invalid/dummy-reddit/008	SYNTHETIC_DUMMY_NOT_REAL_REDDIT
dummy_reddit_009	r/croydon	Shakti Spice Hub	Indian	Thornton Heath	Dummy discussion about Indian food in Croydon	Good-value curry and biryani option for a quick takeaway.	19	positive	https://example.invalid/dummy-reddit/009	SYNTHETIC_DUMMY_NOT_REAL_REDDIT
dummy_reddit_010	r/croydon	Amelia's Wild Spice Kitchen	Bangladeshi	Purley	Dummy discussion about Bangladeshi food in Croydon	Really enjoyable biryani and curry; I would go back.	26	positive	https://example.invalid/dummy-reddit/010	SYNTHETIC_DUMMY_NOT_REAL_REDDIT
dummy_reddit_011	r/croydon	Zero Quattro	Italian	Purley	Dummy discussion about Italian food in Croydon	A solid local choice for pizza and pasta.	33	positive	https://example.invalid/dummy-reddit/011	SYNTHETIC_DUMMY_NOT_REAL_REDDIT
dummy_reddit_012	r/croydon	O Farol	Portuguese	Purley	Dummy discussion about Portuguese food in Croydon	Enjoyed the grilled dishes, though service was slower when it got busy.	40	mixed	https://example.invalid/dummy-reddit/012	SYNTHETIC_DUMMY_NOT_REAL_REDDIT
dummy_reddit_013	r/croydon	Lo Zafferano	Italian	Coulsdon	Dummy discussion about Italian food in Croydon	Good for a nicer Italian dinner or special occasion.	47	positive	https://example.invalid/dummy-reddit/013	SYNTHETIC_DUMMY_NOT_REAL_REDDIT
dummy_reddit_014	r/croydon	Toriton Izakaya	Japanese	Coulsdon	Dummy discussion about Japanese food in Croydon	Great small-plates option for a date night.	7	positive	https://example.invalid/dummy-reddit/014	SYNTHETIC_DUMMY_NOT_REAL_REDDIT
dummy_reddit_015	r/croydon	Barone	Italian	Coulsdon	Dummy discussion about Italian food in Croydon	Cosy and good value if you want straightforward Italian food.	14	positive	https://example.invalid/dummy-reddit/015	SYNTHETIC_DUMMY_NOT_REAL_REDDIT
dummy_reddit_016	r/croydon	Basil & Grape	Italian	Central Croydon	Dummy discussion about Italian food in Croydon	Good choice for pizza, wine and a relaxed date night.	21	positive	https://example.invalid/dummy-reddit/016	SYNTHETIC_DUMMY_NOT_REAL_REDDIT
dummy_reddit_017	r/croydon	The Dutchie	Caribbean	Central Croydon	Dummy discussion about Caribbean food in Croydon	Lively place for Caribbean food with friends.	28	positive	https://example.invalid/dummy-reddit/017	SYNTHETIC_DUMMY_NOT_REAL_REDDIT
dummy_reddit_018	r/croydon	Damas Grill	Lebanese-inspired Grill	Addiscombe	Dummy discussion about Lebanese-inspired Grill food in Croydon	Good-value shawarma and falafel for a quick meal.	35	positive	https://example.invalid/dummy-reddit/018	SYNTHETIC_DUMMY_NOT_REAL_REDDIT
dummy_reddit_019	r/croydon	Dhinchak	Indian Fusion	Thornton Heath	Dummy discussion about Indian Fusion food in Croydon	Interesting fusion menu; some dishes were stronger than others.	42	mixed	https://example.invalid/dummy-reddit/019	SYNTHETIC_DUMMY_NOT_REAL_REDDIT
dummy_reddit_020	r/croydon	Planet Spice	Indian	Selsdon	Dummy discussion about Indian food in Croydon	Convenient curry takeaway with good portions.	49	positive	https://example.invalid/dummy-reddit/020	SYNTHETIC_DUMMY_NOT_REAL_REDDIT
dummy_reddit_021	r/croydon	Croydon Jerk Kitchen	Caribbean	West Croydon	Dummy discussion about Caribbean food in Croydon	Jerk chicken and plantain make this a good budget lunch option.	9	positive	https://example.invalid/dummy-reddit/021	SYNTHETIC_DUMMY_NOT_REAL_REDDIT
dummy_reddit_022	r/croydon	Addiscombe Brunch Club	Cafe	Addiscombe	Dummy discussion about Cafe food in Croydon	Relaxed brunch spot with good coffee and pancakes.	16	positive	https://example.invalid/dummy-reddit/022	SYNTHETIC_DUMMY_NOT_REAL_REDDIT
dummy_reddit_023	r/croydon	Thornton Heath Grill	West African	Thornton Heath	Dummy discussion about West African food in Croydon	Good choice for jollof and grilled meat with friends.	23	positive	https://example.invalid/dummy-reddit/023	SYNTHETIC_DUMMY_NOT_REAL_REDDIT
dummy_reddit_024	r/croydon	Purley Vegan Kitchen	Vegan	Purley	Dummy discussion about Vegan food in Croydon	Useful option for plant-based food and a relaxed lunch.	30	positive	https://example.invalid/dummy-reddit/024	SYNTHETIC_DUMMY_NOT_REAL_REDDIT
dummy_reddit_025	r/croydon	Norbury Spice House	Indian	Norbury	Dummy discussion about Indian food in Croydon	Good-value Indian takeaway with biryani and curries.	37	positive	https://example.invalid/dummy-reddit/025	SYNTHETIC_DUMMY_NOT_REAL_REDDIT
dummy_reddit_026	r/croydon	South Croydon Tapas Room	Spanish	South Croydon	Dummy discussion about Spanish food in Croydon	Nice sharing plates and a cosy date-night atmosphere.	44	positive	https://example.invalid/dummy-reddit/026	SYNTHETIC_DUMMY_NOT_REAL_REDDIT
dummy_reddit_027	r/croydon	East Croydon Noodle Bar	Pan-Asian	East Croydon	Dummy discussion about Pan-Asian food in Croydon	Quick and convenient for noodles near East Croydon.	4	positive	https://example.invalid/dummy-reddit/027	SYNTHETIC_DUMMY_NOT_REAL_REDDIT
dummy_reddit_028	r/croydon	Surrey Street Falafel	Middle Eastern	Central Croydon	Dummy discussion about Middle Eastern food in Croydon	Cheap and tasty falafel option for lunch.	11	positive	https://example.invalid/dummy-reddit/028	SYNTHETIC_DUMMY_NOT_REAL_REDDIT
dummy_reddit_029	r/croydon	Coulsdon Smokehouse	BBQ	Coulsdon	Dummy discussion about BBQ food in Croydon	Meat was good, but it can feel expensive if you order several sides.	18	mixed	https://example.invalid/dummy-reddit/029	SYNTHETIC_DUMMY_NOT_REAL_REDDIT
dummy_reddit_030	r/croydon	Selsdon Garden Cafe	Cafe	Selsdon	Dummy discussion about Cafe food in Croydon	Quiet cafe that works well for breakfast or coffee.	25	positive	https://example.invalid/dummy-reddit/030	SYNTHETIC_DUMMY_NOT_REAL_REDDIT
dummy_reddit_031	r/croydon	Crystal Palace Curry Club	Indian	Upper Norwood	Dummy discussion about Indian food in Croydon	Tandoori dishes were the highlight for me.	32	positive	https://example.invalid/dummy-reddit/031	SYNTHETIC_DUMMY_NOT_REAL_REDDIT
dummy_reddit_032	r/croydon	South Norwood Soul Food	Caribbean	South Norwood	Dummy discussion about Caribbean food in Croydon	Good casual option for jerk dishes and plantain.	39	positive	https://example.invalid/dummy-reddit/032	SYNTHETIC_DUMMY_NOT_REAL_REDDIT
dummy_reddit_033	r/croydon	Purley Sushi House	Japanese	Purley	Dummy discussion about Japanese food in Croydon	Fresh-feeling sushi option for dinner or a date.	46	positive	https://example.invalid/dummy-reddit/033	SYNTHETIC_DUMMY_NOT_REAL_REDDIT
dummy_reddit_034	r/croydon	Croydon Pho Corner	Vietnamese	Central Croydon	Dummy discussion about Vietnamese food in Croydon	Good casual choice for pho and summer rolls.	6	positive	https://example.invalid/dummy-reddit/034	SYNTHETIC_DUMMY_NOT_REAL_REDDIT
dummy_reddit_035	r/croydon	Addiscombe Anatolia	Turkish	Addiscombe	Dummy discussion about Turkish food in Croydon	Mixed grills and pide make it good for families and groups.	13	positive	https://example.invalid/dummy-reddit/035	SYNTHETIC_DUMMY_NOT_REAL_REDDIT
dummy_reddit_036	r/croydon	Norbury Lagos Kitchen	Nigerian	Norbury	Dummy discussion about Nigerian food in Croydon	A good local choice for jollof rice and Nigerian dishes.	20	positive	https://example.invalid/dummy-reddit/036	SYNTHETIC_DUMMY_NOT_REAL_REDDIT
dummy_reddit_037	r/croydon	Thornton Heath Chai & Grill	Pakistani	Thornton Heath	Dummy discussion about Pakistani food in Croydon	Good-value karahi and paratha with a busy casual atmosphere.	27	positive	https://example.invalid/dummy-reddit/037	SYNTHETIC_DUMMY_NOT_REAL_REDDIT
dummy_reddit_038	r/croydon	East Croydon Pizzeria	Italian	East Croydon	Dummy discussion about Italian food in Croydon	Handy pizza option near the station for a quick dinner.	34	positive	https://example.invalid/dummy-reddit/038	SYNTHETIC_DUMMY_NOT_REAL_REDDIT
dummy_reddit_039	r/croydon	South Croydon Steak Room	Steakhouse	South Croydon	Dummy discussion about Steakhouse food in Croydon	Steak was enjoyable but definitely more of a special-occasion budget.	41	mixed	https://example.invalid/dummy-reddit/039	SYNTHETIC_DUMMY_NOT_REAL_REDDIT
dummy_reddit_040	r/croydon	West Croydon Ethiopian Kitchen	Ethiopian	West Croydon	Dummy discussion about Ethiopian food in Croydon	Great for sharing injera and vegetable stews with a group.	48	positive	https://example.invalid/dummy-reddit/040	SYNTHETIC_DUMMY_NOT_REAL_REDDIT
dummy_reddit_041	r/croydon	Purley Breakfast Co	Cafe	Purley	Dummy discussion about Cafe food in Croydon	Straightforward breakfast and brunch option with good portions.	8	positive	https://example.invalid/dummy-reddit/041	SYNTHETIC_DUMMY_NOT_REAL_REDDIT
dummy_reddit_042	r/croydon	Coulsdon Thai Garden	Thai	Coulsdon	Dummy discussion about Thai food in Croydon	Green curry and pad thai make this a reliable Thai option.	15	positive	https://example.invalid/dummy-reddit/042	SYNTHETIC_DUMMY_NOT_REAL_REDDIT
dummy_reddit_043	r/croydon	Croydon Taco Social	Mexican	Central Croydon	Dummy discussion about Mexican food in Croydon	Fun casual place for tacos with friends.	22	positive	https://example.invalid/dummy-reddit/043	SYNTHETIC_DUMMY_NOT_REAL_REDDIT
dummy_reddit_044	r/croydon	Addiscombe Korean Table	Korean	Addiscombe	Dummy discussion about Korean food in Croydon	Bibimbap and Korean fried chicken were both enjoyable.	29	positive	https://example.invalid/dummy-reddit/044	SYNTHETIC_DUMMY_NOT_REAL_REDDIT
dummy_reddit_045	r/croydon	Norbury Mezze Cafe	Lebanese	Norbury	Dummy discussion about Lebanese food in Croydon	Good-value mezze and shawarma for lunch.	36	positive	https://example.invalid/dummy-reddit/045	SYNTHETIC_DUMMY_NOT_REAL_REDDIT
dummy_reddit_046	r/croydon	Sanderstead Mediterranean Kitchen	Mediterranean	Sanderstead	Dummy discussion about Mediterranean food in Croydon	Relaxed local dinner option with grilled dishes and mezze.	43	positive	https://example.invalid/dummy-reddit/046	SYNTHETIC_DUMMY_NOT_REAL_REDDIT
dummy_reddit_047	r/croydon	Croydon Dumpling House	Chinese	Central Croydon	Dummy discussion about Chinese food in Croydon	Good casual spot for dumplings and noodles.	3	positive	https://example.invalid/dummy-reddit/047	SYNTHETIC_DUMMY_NOT_REAL_REDDIT
dummy_reddit_048	r/croydon	South Norwood Vegan Yard	Vegan	South Norwood	Dummy discussion about Vegan food in Croydon	Creative plant-based comfort food and good lunch option.	10	positive	https://example.invalid/dummy-reddit/048	SYNTHETIC_DUMMY_NOT_REAL_REDDIT
dummy_reddit_049	r/croydon	East Croydon Coffee Lab	Cafe	East Croydon	Dummy discussion about Cafe food in Croydon	Useful coffee stop near East Croydon with pastries and a quiet vibe.	17	positive	https://example.invalid/dummy-reddit/049	SYNTHETIC_DUMMY_NOT_REAL_REDDIT
dummy_reddit_050	r/croydon	Coulsdon Curry Leaf	Sri Lankan	Coulsdon	Dummy discussion about Sri Lankan food in Croydon	Kothu and hoppers make this worth considering for Sri Lankan food.	24	positive	https://example.invalid/dummy-reddit/050	SYNTHETIC_DUMMY_NOT_REAL_REDDIT
